slot_id,warehouse_id,zone,row,column,status,capacity,occupancy,last_updated,blocked_reason
WH-001-AA01,WH-001,A,A,1,EMPTY,500,0.0,2026-09-24T00:00:00Z,
WH-001-AA02,WH-001,A,A,2,OCCUPIED,750,427.3,2026-09-04T00:00:00Z,
WH-001-AA03,WH-001,A,A,3,EMPTY,2000,0.0,2026-09-03T00:00:00Z,
WH-001-AA04,WH-001,A,A,4,EMPTY,500,0.0,2026-09-01T00:00:00Z,
WH-001-AA05,WH-001,A,A,5,OCCUPIED,750,564.5,2026-09-01T00:00:00Z,
WH-001-AA06,WH-001,A,A,6,EMPTY,2000,0.0,2026-09-14T00:00:00Z,
WH-001-AA07,WH-001,A,A,7,OCCUPIED,2000,1278.2,2026-09-28T00:00:00Z,
WH-001-AA08,WH-001,A,A,8,OCCUPIED,750,636.8,2026-09-11T00:00:00Z,
WH-001-AA09,WH-001,A,A,9,OCCUPIED,750,734.0,2026-09-11T00:00:00Z,
WH-001-AA10,WH-001,A,A,10,OCCUPIED,1500,822.5,2026-09-28T00:00:00Z,
WH-001-AB01,WH-001,A,B,1,OCCUPIED,1000,903.6,2026-09-24T00:00:00Z,
WH-001-AB02,WH-001,A,B,2,OCCUPIED,500,493.3,2026-09-13T00:00:00Z,
WH-001-AB03,WH-001,A,B,3,OCCUPIED,1000,914.7,2026-09-20T00:00:00Z,
WH-001-AB04,WH-001,A,B,4,RESERVED,1000,0.0,2026-09-19T00:00:00Z,
WH-001-AB05,WH-001,A,B,5,OCCUPIED,500,261.5,2026-09-08T00:00:00Z,
WH-001-AB06,WH-001,A,B,6,EMPTY,500,0.0,2026-09-28T00:00:00Z,
WH-001-AB07,WH-001,A,B,7,OCCUPIED,500,345.0,2026-09-15T00:00:00Z,
WH-001-AB08,WH-001,A,B,8,EMPTY,1000,0.0,2026-09-06T00:00:00Z,
WH-001-AB09,WH-001,A,B,9,OCCUPIED,750,626.3,2026-09-23T00:00:00Z,
WH-001-AB10,WH-001,A,B,10,BLOCKED,500,0.0,2026-09-20T00:00:00Z,Safety inspection pending
WH-001-AC01,WH-001,A,C,1,EMPTY,750,0.0,2026-09-06T00:00:00Z,
WH-001-AC02,WH-001,A,C,2,OCCUPIED,1000,994.8,2026-09-21T00:00:00Z,
WH-001-AC03,WH-001,A,C,3,EMPTY,750,0.0,2026-09-22T00:00:00Z,
WH-001-AC04,WH-001,A,C,4,OCCUPIED,500,307.3,2026-09-02T00:00:00Z,
WH-001-AC05,WH-001,A,C,5,RESERVED,1500,0.0,2026-09-09T00:00:00Z,
WH-001-AC06,WH-001,A,C,6,OCCUPIED,2000,1876.4,2026-09-11T00:00:00Z,
WH-001-AC07,WH-001,A,C,7,OCCUPIED,1500,1046.7,2026-09-30T00:00:00Z,
WH-001-AC08,WH-001,A,C,8,EMPTY,750,0.0,2026-09-09T00:00:00Z,
WH-001-AC09,WH-001,A,C,9,OCCUPIED,2000,1539.0,2026-09-24T00:00:00Z,
WH-001-AC10,WH-001,A,C,10,EMPTY,2000,0.0,2026-09-13T00:00:00Z,
WH-001-AD01,WH-001,A,D,1,OCCUPIED,750,566.1,2026-09-03T00:00:00Z,
WH-001-AD02,WH-001,A,D,2,EMPTY,500,0.0,2026-09-05T00:00:00Z,
WH-001-AD03,WH-001,A,D,3,EMPTY,1500,0.0,2026-09-20T00:00:00Z,
WH-001-AD04,WH-001,A,D,4,OCCUPIED,1500,1196.9,2026-09-15T00:00:00Z,
WH-001-AD05,WH-001,A,D,5,EMPTY,2000,0.0,2026-09-28T00:00:00Z,
WH-001-AD06,WH-001,A,D,6,BLOCKED,500,0.0,2026-09-22T00:00:00Z,
WH-001-AD07,WH-001,A,D,7,EMPTY,1000,0.0,2026-09-04T00:00:00Z,
WH-001-AD08,WH-001,A,D,8,OCCUPIED,750,545.1,2026-10-01T00:00:00Z,
WH-001-AD09,WH-001,A,D,9,EMPTY,1000,0.0,2026-09-17T00:00:00Z,
WH-001-AD10,WH-001,A,D,10,EMPTY,2000,0.0,2026-09-30T00:00:00Z,
WH-001-AE01,WH-001,A,E,1,OCCUPIED,1000,920.8,2026-09-17T00:00:00Z,
WH-001-AE02,WH-001,A,E,2,EMPTY,750,0.0,2026-09-12T00:00:00Z,
WH-001-AE03,WH-001,A,E,3,EMPTY,2000,0.0,2026-10-01T00:00:00Z,
WH-001-AE04,WH-001,A,E,4,EMPTY,2000,0.0,2026-09-30T00:00:00Z,
WH-001-AE05,WH-001,A,E,5,OCCUPIED,1000,744.3,2026-09-04T00:00:00Z,
WH-001-AE06,WH-001,A,E,6,BLOCKED,1000,0.0,2026-09-08T00:00:00Z,Maintenance scheduled
WH-001-AE07,WH-001,A,E,7,OCCUPIED,2000,1946.9,2026-09-03T00:00:00Z,
WH-001-AE08,WH-001,A,E,8,EMPTY,500,0.0,2026-09-25T00:00:00Z,
WH-001-AE09,WH-001,A,E,9,EMPTY,750,0.0,2026-09-05T00:00:00Z,
WH-001-AE10,WH-001,A,E,10,EMPTY,2000,0.0,2026-09-06T00:00:00Z,
WH-001-AF01,WH-001,A,F,1,OCCUPIED,2000,1423.1,2026-09-07T00:00:00Z,
WH-001-AF02,WH-001,A,F,2,BLOCKED,750,0.0,2026-09-23T00:00:00Z,Fire exit clearance
WH-001-AF03,WH-001,A,F,3,OCCUPIED,1000,719.1,2026-09-17T00:00:00Z,
WH-001-AF04,WH-001,A,F,4,OCCUPIED,750,459.3,2026-09-11T00:00:00Z,
WH-001-AF05,WH-001,A,F,5,OCCUPIED,2000,1230.1,2026-09-08T00:00:00Z,
WH-001-AF06,WH-001,A,F,6,OCCUPIED,500,307.2,2026-09-29T00:00:00Z,
WH-001-AF07,WH-001,A,F,7,OCCUPIED,1000,535.4,2026-09-08T00:00:00Z,
WH-001-AF08,WH-001,A,F,8,OCCUPIED,1500,910.7,2026-09-05T00:00:00Z,
WH-001-AF09,WH-001,A,F,9,EMPTY,2000,0.0,2026-09-19T00:00:00Z,
WH-001-AF10,WH-001,A,F,10,OCCUPIED,1500,1355.6,2026-09-07T00:00:00Z,
WH-001-AG01,WH-001,A,G,1,OCCUPIED,1500,1015.7,2026-09-14T00:00:00Z,
WH-001-AG02,WH-001,A,G,2,OCCUPIED,500,418.3,2026-09-21T00:00:00Z,
WH-001-AG03,WH-001,A,G,3,OCCUPIED,1500,1296.2,2026-09-26T00:00:00Z,
WH-001-AG04,WH-001,A,G,4,RESERVED,750,0.0,2026-09-07T00:00:00Z,
WH-001-AG05,WH-001,A,G,5,OCCUPIED,1500,855.1,2026-09-06T00:00:00Z,
WH-001-AG06,WH-001,A,G,6,OCCUPIED,750,702.9,2026-09-03T00:00:00Z,
WH-001-AG07,WH-001,A,G,7,OCCUPIED,2000,1097.9,2026-09-21T00:00:00Z,
WH-001-AG08,WH-001,A,G,8,BLOCKED,500,0.0,2026-09-03T00:00:00Z,Floor damage
WH-001-AG09,WH-001,A,G,9,OCCUPIED,1500,1111.0,2026-09-28T00:00:00Z,
WH-001-AG10,WH-001,A,G,10,OCCUPIED,500,291.2,2026-09-01T00:00:00Z,
WH-001-AH01,WH-001,A,H,1,BLOCKED,1000,0.0,2026-09-30T00:00:00Z,
WH-001-AH02,WH-001,A,H,2,OCCUPIED,2000,1661.9,2026-09-16T00:00:00Z,
WH-001-AH03,WH-001,A,H,3,OCCUPIED,1000,608.9,2026-09-02T00:00:00Z,
WH-001-AH04,WH-001,A,H,4,EMPTY,2000,0.0,2026-09-02T00:00:00Z,
WH-001-AH05,WH-001,A,H,5,EMPTY,500,0.0,2026-09-02T00:00:00Z,
WH-001-AH06,WH-001,A,H,6,EMPTY,2000,0.0,2026-09-30T00:00:00Z,
WH-001-AH07,WH-001,A,H,7,RESERVED,750,0.0,2026-09-02T00:00:00Z,
WH-001-AH08,WH-001,A,H,8,BLOCKED,500,0.0,2026-09-28T00:00:00Z,Safety inspection pending
WH-001-AH09,WH-001,A,H,9,OCCUPIED,500,418.8,2026-09-08T00:00:00Z,
WH-001-AH10,WH-001,A,H,10,OCCUPIED,2000,1246.2,2026-09-20T00:00:00Z,
WH-001-BA01,WH-001,B,A,1,OCCUPIED,500,354.8,2026-09-19T00:00:00Z,
WH-001-BA02,WH-001,B,A,2,EMPTY,1000,0.0,2026-09-30T00:00:00Z,
WH-001-BA03,WH-001,B,A,3,OCCUPIED,1000,619.3,2026-09-13T00:00:00Z,
WH-001-BA04,WH-001,B,A,4,OCCUPIED,1000,728.6,2026-09-30T00:00:00Z,
WH-001-BA05,WH-001,B,A,5,EMPTY,500,0.0,2026-09-01T00:00:00Z,
WH-001-BA06,WH-001,B,A,6,OCCUPIED,2000,1996.1,2026-09-03T00:00:00Z,
WH-001-BA07,WH-001,B,A,7,EMPTY,2000,0.0,2026-09-09T00:00:00Z,
WH-001-BA08,WH-001,B,A,8,OCCUPIED,1000,940.4,2026-09-29T00:00:00Z,
WH-001-BA09,WH-001,B,A,9,OCCUPIED,1000,578.9,2026-09-27T00:00:00Z,
WH-001-BA10,WH-001,B,A,10,EMPTY,1000,0.0,2026-09-20T00:00:00Z,
WH-001-BB01,WH-001,B,B,1,BLOCKED,2000,0.0,2026-09-01T00:00:00Z,
WH-001-BB02,WH-001,B,B,2,OCCUPIED,500,484.7,2026-09-05T00:00:00Z,
WH-001-BB03,WH-001,B,B,3,OCCUPIED,500,435.6,2026-09-05T00:00:00Z,
WH-001-BB04,WH-001,B,B,4,OCCUPIED,2000,1210.6,2026-09-11T00:00:00Z,
WH-001-BB05,WH-001,B,B,5,OCCUPIED,1000,752.7,2026-09-09T00:00:00Z,
WH-001-BB06,WH-001,B,B,6,RESERVED,500,0.0,2026-09-03T00:00:00Z,
WH-001-BB07,WH-001,B,B,7,EMPTY,1000,0.0,2026-09-02T00:00:00Z,
WH-001-BB08,WH-001,B,B,8,OCCUPIED,750,613.9,2026-09-09T00:00:00Z,
WH-001-BB09,WH-001,B,B,9,OCCUPIED,1500,1163.8,2026-09-14T00:00:00Z,
WH-001-BB10,WH-001,B,B,10,EMPTY,500,0.0,2026-09-03T00:00:00Z,
WH-001-BC01,WH-001,B,C,1,BLOCKED,750,0.0,2026-09-18T00:00:00Z,Maintenance scheduled
WH-001-BC02,WH-001,B,C,2,RESERVED,2000,0.0,2026-09-18T00:00:00Z,
WH-001-BC03,WH-001,B,C,3,OCCUPIED,750,390.7,2026-09-12T00:00:00Z,
WH-001-BC04,WH-001,B,C,4,RESERVED,500,0.0,2026-09-29T00:00:00Z,
WH-001-BC05,WH-001,B,C,5,OCCUPIED,750,625.1,2026-09-12T00:00:00Z,
WH-001-BC06,WH-001,B,C,6,EMPTY,1500,0.0,2026-09-20T00:00:00Z,
WH-001-BC07,WH-001,B,C,7,EMPTY,750,0.0,2026-09-28T00:00:00Z,
WH-001-BC08,WH-001,B,C,8,OCCUPIED,750,705.5,2026-09-01T00:00:00Z,
WH-001-BC09,WH-001,B,C,9,OCCUPIED,1000,891.2,2026-09-14T00:00:00Z,
WH-001-BC10,WH-001,B,C,10,RESERVED,750,0.0,2026-09-09T00:00:00Z,
WH-001-BD01,WH-001,B,D,1,OCCUPIED,500,345.6,2026-09-02T00:00:00Z,
WH-001-BD02,WH-001,B,D,2,RESERVED,750,0.0,2026-09-07T00:00:00Z,
WH-001-BD03,WH-001,B,D,3,RESERVED,1500,0.0,2026-09-12T00:00:00Z,
WH-001-BD04,WH-001,B,D,4,OCCUPIED,750,458.6,2026-09-22T00:00:00Z,
WH-001-BD05,WH-001,B,D,5,OCCUPIED,1000,639.3,2026-09-03T00:00:00Z,
WH-001-BD06,WH-001,B,D,6,BLOCKED,1000,0.0,2026-09-12T00:00:00Z,
WH-001-BD07,WH-001,B,D,7,OCCUPIED,2000,1331.1,2026-09-01T00:00:00Z,
WH-001-BD08,WH-001,B,D,8,OCCUPIED,1000,589.3,2026-10-01T00:00:00Z,
WH-001-BD09,WH-001,B,D,9,BLOCKED,500,0.0,2026-09-04T00:00:00Z,
WH-001-BD10,WH-001,B,D,10,OCCUPIED,1000,718.2,2026-09-17T00:00:00Z,
WH-001-BE01,WH-001,B,E,1,OCCUPIED,2000,1190.1,2026-09-02T00:00:00Z,
WH-001-BE02,WH-001,B,E,2,EMPTY,500,0.0,2026-09-17T00:00:00Z,
WH-001-BE03,WH-001,B,E,3,BLOCKED,2000,0.0,2026-09-22T00:00:00Z,Floor damage
WH-001-BE04,WH-001,B,E,4,OCCUPIED,500,487.2,2026-09-30T00:00:00Z,
WH-001-BE05,WH-001,B,E,5,OCCUPIED,1000,831.7,2026-09-04T00:00:00Z,
WH-001-BE06,WH-001,B,E,6,EMPTY,1000,0.0,2026-09-17T00:00:00Z,
WH-001-BE07,WH-001,B,E,7,OCCUPIED,1500,994.6,2026-09-23T00:00:00Z,
WH-001-BE08,WH-001,B,E,8,OCCUPIED,750,446.9,2026-09-22T00:00:00Z,
WH-001-BE09,WH-001,B,E,9,BLOCKED,750,0.0,2026-09-20T00:00:00Z,Fire exit clearance
WH-001-BE10,WH-001,B,E,10,OCCUPIED,500,326.0,2026-09-07T00:00:00Z,
WH-001-BF01,WH-001,B,F,1,OCCUPIED,2000,1606.7,2026-09-11T00:00:00Z,
WH-001-BF02,WH-001,B,F,2,OCCUPIED,1500,1256.7,2026-09-17T00:00:00Z,
WH-001-BF03,WH-001,B,F,3,OCCUPIED,750,622.1,2026-09-10T00:00:00Z,
WH-001-BF04,WH-001,B,F,4,OCCUPIED,2000,1335.2,2026-09-27T00:00:00Z,
WH-001-BF05,WH-001,B,F,5,BLOCKED,750,0.0,2026-09-22T00:00:00Z,Fire exit clearance
WH-001-BF06,WH-001,B,F,6,OCCUPIED,750,430.3,2026-09-02T00:00:00Z,
WH-001-BF07,WH-001,B,F,7,OCCUPIED,1500,1208.5,2026-09-25T00:00:00Z,
WH-001-BF08,WH-001,B,F,8,OCCUPIED,1500,1414.6,2026-09-19T00:00:00Z,
WH-001-BF09,WH-001,B,F,9,OCCUPIED,1500,1120.8,2026-09-08T00:00:00Z,
WH-001-BF10,WH-001,B,F,10,OCCUPIED,500,473.2,2026-09-28T00:00:00Z,
WH-001-BG01,WH-001,B,G,1,EMPTY,500,0.0,2026-09-25T00:00:00Z,
WH-001-BG02,WH-001,B,G,2,OCCUPIED,750,676.5,2026-09-23T00:00:00Z,
WH-001-BG03,WH-001,B,G,3,OCCUPIED,500,389.4,2026-09-30T00:00:00Z,
WH-001-BG04,WH-001,B,G,4,RESERVED,1500,0.0,2026-09-05T00:00:00Z,
WH-001-BG05,WH-001,B,G,5,RESERVED,2000,0.0,2026-09-18T00:00:00Z,
WH-001-BG06,WH-001,B,G,6,EMPTY,1500,0.0,2026-09-20T00:00:00Z,
WH-001-BG07,WH-001,B,G,7,RESERVED,2000,0.0,2026-09-14T00:00:00Z,
WH-001-BG08,WH-001,B,G,8,RESERVED,2000,0.0,2026-09-15T00:00:00Z,
WH-001-BG09,WH-001,B,G,9,RESERVED,1500,0.0,2026-09-15T00:00:00Z,
WH-001-BG10,WH-001,B,G,10,OCCUPIED,750,689.9,2026-09-09T00:00:00Z,
WH-001-BH01,WH-001,B,H,1,EMPTY,2000,0.0,2026-09-16T00:00:00Z,
WH-001-BH02,WH-001,B,H,2,EMPTY,1000,0.0,2026-09-15T00:00:00Z,
WH-001-BH03,WH-001,B,H,3,OCCUPIED,1000,617.2,2026-09-11T00:00:00Z,
WH-001-BH04,WH-001,B,H,4,OCCUPIED,2000,1080.6,2026-09-05T00:00:00Z,
WH-001-BH05,WH-001,B,H,5,OCCUPIED,750,639.9,2026-09-03T00:00:00Z,
WH-001-BH06,WH-001,B,H,6,OCCUPIED,1000,771.3,2026-09-14T00:00:00Z,
WH-001-BH07,WH-001,B,H,7,OCCUPIED,1500,1042.1,2026-09-25T00:00:00Z,
WH-001-BH08,WH-001,B,H,8,EMPTY,500,0.0,2026-09-28T00:00:00Z,
WH-001-BH09,WH-001,B,H,9,RESERVED,2000,0.0,2026-09-13T00:00:00Z,
WH-001-BH10,WH-001,B,H,10,OCCUPIED,1000,649.3,2026-09-13T00:00:00Z,
WH-001-CA01,WH-001,C,A,1,RESERVED,1500,0.0,2026-09-18T00:00:00Z,
WH-001-CA02,WH-001,C,A,2,EMPTY,2000,0.0,2026-09-26T00:00:00Z,
WH-001-CA03,WH-001,C,A,3,EMPTY,750,0.0,2026-09-16T00:00:00Z,
WH-001-CA04,WH-001,C,A,4,OCCUPIED,1500,1114.2,2026-09-13T00:00:00Z,
WH-001-CA05,WH-001,C,A,5,OCCUPIED,1500,1293.1,2026-09-27T00:00:00Z,
WH-001-CA06,WH-001,C,A,6,OCCUPIED,750,742.8,2026-09-18T00:00:00Z,
WH-001-CA07,WH-001,C,A,7,OCCUPIED,1500,1193.9,2026-09-22T00:00:00Z,
WH-001-CA08,WH-001,C,A,8,OCCUPIED,1500,851.8,2026-09-15T00:00:00Z,
WH-001-CA09,WH-001,C,A,9,OCCUPIED,1000,689.6,2026-09-07T00:00:00Z,
WH-001-CA10,WH-001,C,A,10,OCCUPIED,1000,880.6,2026-09-13T00:00:00Z,
WH-001-CB01,WH-001,C,B,1,OCCUPIED,1500,939.2,2026-09-03T00:00:00Z,
WH-001-CB02,WH-001,C,B,2,OCCUPIED,2000,1052.1,2026-10-01T00:00:00Z,
WH-001-CB03,WH-001,C,B,3,OCCUPIED,500,445.3,2026-09-21T00:00:00Z,
WH-001-CB04,WH-001,C,B,4,OCCUPIED,500,487.4,2026-09-07T00:00:00Z,
WH-001-CB05,WH-001,C,B,5,RESERVED,2000,0.0,2026-09-05T00:00:00Z,
WH-001-CB06,WH-001,C,B,6,OCCUPIED,1500,1252.1,2026-09-19T00:00:00Z,
WH-001-CB07,WH-001,C,B,7,BLOCKED,1500,0.0,2026-09-23T00:00:00Z,Fire exit clearance
WH-001-CB08,WH-001,C,B,8,EMPTY,750,0.0,2026-09-20T00:00:00Z,
WH-001-CB09,WH-001,C,B,9,EMPTY,500,0.0,2026-09-25T00:00:00Z,
WH-001-CB10,WH-001,C,B,10,RESERVED,1000,0.0,2026-09-04T00:00:00Z,
WH-001-CC01,WH-001,C,C,1,EMPTY,1000,0.0,2026-09-19T00:00:00Z,
WH-001-CC02,WH-001,C,C,2,EMPTY,1500,0.0,2026-09-13T00:00:00Z,
WH-001-CC03,WH-001,C,C,3,BLOCKED,750,0.0,2026-09-03T00:00:00Z,Floor damage
WH-001-CC04,WH-001,C,C,4,OCCUPIED,1000,925.1,2026-09-20T00:00:00Z,
WH-001-CC05,WH-001,C,C,5,RESERVED,2000,0.0,2026-09-26T00:00:00Z,
WH-001-CC06,WH-001,C,C,6,OCCUPIED,2000,1428.4,2026-09-12T00:00:00Z,
WH-001-CC07,WH-001,C,C,7,OCCUPIED,1000,506.3,2026-09-14T00:00:00Z,
WH-001-CC08,WH-001,C,C,8,RESERVED,500,0.0,2026-09-14T00:00:00Z,
WH-001-CC09,WH-001,C,C,9,BLOCKED,1500,0.0,2026-09-23T00:00:00Z,Safety inspection pending
WH-001-CC10,WH-001,C,C,10,OCCUPIED,2000,1965.5,2026-09-09T00:00:00Z,
WH-001-CD01,WH-001,C,D,1,EMPTY,2000,0.0,2026-09-25T00:00:00Z,
WH-001-CD02,WH-001,C,D,2,OCCUPIED,1500,1369.3,2026-09-19T00:00:00Z,
WH-001-CD03,WH-001,C,D,3,OCCUPIED,750,686.5,2026-09-03T00:00:00Z,
WH-001-CD04,WH-001,C,D,4,OCCUPIED,1500,932.9,2026-09-15T00:00:00Z,
WH-001-CD05,WH-001,C,D,5,EMPTY,1500,0.0,2026-09-11T00:00:00Z,
WH-001-CD06,WH-001,C,D,6,OCCUPIED,1000,590.9,2026-09-07T00:00:00Z,
WH-001-CD07,WH-001,C,D,7,OCCUPIED,1000,670.2,2026-09-29T00:00:00Z,
WH-001-CD08,WH-001,C,D,8,EMPTY,1000,0.0,2026-09-18T00:00:00Z,
WH-001-CD09,WH-001,C,D,9,OCCUPIED,750,407.1,2026-09-24T00:00:00Z,
WH-001-CD10,WH-001,C,D,10,OCCUPIED,2000,1758.2,2026-09-23T00:00:00Z,
WH-001-CE01,WH-001,C,E,1,OCCUPIED,1500,1086.1,2026-09-01T00:00:00Z,
WH-001-CE02,WH-001,C,E,2,OCCUPIED,750,526.7,2026-09-08T00:00:00Z,
WH-001-CE03,WH-001,C,E,3,OCCUPIED,2000,1369.0,2026-09-18T00:00:00Z,
WH-001-CE04,WH-001,C,E,4,EMPTY,1500,0.0,2026-09-24T00:00:00Z,
WH-001-CE05,WH-001,C,E,5,EMPTY,1000,0.0,2026-09-23T00:00:00Z,
WH-001-CE06,WH-001,C,E,6,OCCUPIED,1000,625.7,2026-09-04T00:00:00Z,
WH-001-CE07,WH-001,C,E,7,EMPTY,1000,0.0,2026-09-04T00:00:00Z,
WH-001-CE08,WH-001,C,E,8,EMPTY,750,0.0,2026-09-07T00:00:00Z,
WH-001-CE09,WH-001,C,E,9,OCCUPIED,1500,957.4,2026-09-19T00:00:00Z,
WH-001-CE10,WH-001,C,E,10,BLOCKED,2000,0.0,2026-09-20T00:00:00Z,Fire exit clearance
WH-001-CF01,WH-001,C,F,1,BLOCKED,750,0.0,2026-09-10T00:00:00Z,Floor damage
WH-001-CF02,WH-001,C,F,2,OCCUPIED,1000,507.1,2026-09-18T00:00:00Z,
WH-001-CF03,WH-001,C,F,3,OCCUPIED,500,493.6,2026-09-18T00:00:00Z,
WH-001-CF04,WH-001,C,F,4,OCCUPIED,750,614.2,2026-09-25T00:00:00Z,
WH-001-CF05,WH-001,C,F,5,OCCUPIED,500,393.5,2026-09-16T00:00:00Z,
WH-001-CF06,WH-001,C,F,6,OCCUPIED,1000,592.2,2026-09-02T00:00:00Z,
WH-001-CF07,WH-001,C,F,7,OCCUPIED,1500,835.6,2026-09-03T00:00:00Z,
WH-001-CF08,WH-001,C,F,8,OCCUPIED,500,394.3,2026-09-22T00:00:00Z,
WH-001-CF09,WH-001,C,F,9,OCCUPIED,750,679.2,2026-10-01T00:00:00Z,
WH-001-CF10,WH-001,C,F,10,OCCUPIED,750,419.4,2026-09-25T00:00:00Z,
WH-001-CG01,WH-001,C,G,1,OCCUPIED,2000,1790.7,2026-09-08T00:00:00Z,
WH-001-CG02,WH-001,C,G,2,EMPTY,1500,0.0,2026-09-15T00:00:00Z,
WH-001-CG03,WH-001,C,G,3,RESERVED,1000,0.0,2026-09-28T00:00:00Z,
WH-001-CG04,WH-001,C,G,4,EMPTY,1500,0.0,2026-09-10T00:00:00Z,
WH-001-CG05,WH-001,C,G,5,EMPTY,500,0.0,2026-09-20T00:00:00Z,
WH-001-CG06,WH-001,C,G,6,BLOCKED,500,0.0,2026-10-01T00:00:00Z,Floor damage
WH-001-CG07,WH-001,C,G,7,EMPTY,1000,0.0,2026-09-22T00:00:00Z,
WH-001-CG08,WH-001,C,G,8,OCCUPIED,750,440.2,2026-09-03T00:00:00Z,
WH-001-CG09,WH-001,C,G,9,OCCUPIED,1500,1087.9,2026-09-20T00:00:00Z,
WH-001-CG10,WH-001,C,G,10,OCCUPIED,500,307.9,2026-09-23T00:00:00Z,
WH-001-CH01,WH-001,C,H,1,OCCUPIED,1500,803.4,2026-09-08T00:00:00Z,
WH-001-CH02,WH-001,C,H,2,BLOCKED,2000,0.0,2026-09-22T00:00:00Z,Floor damage
WH-001-CH03,WH-001,C,H,3,OCCUPIED,2000,1224.8,2026-09-05T00:00:00Z,
WH-001-CH04,WH-001,C,H,4,RESERVED,750,0.0,2026-09-03T00:00:00Z,
WH-001-CH05,WH-001,C,H,5,OCCUPIED,1000,797.5,2026-09-27T00:00:00Z,
WH-001-CH06,WH-001,C,H,6,EMPTY,1000,0.0,2026-09-15T00:00:00Z,
WH-001-CH07,WH-001,C,H,7,OCCUPIED,1000,849.9,2026-10-01T00:00:00Z,
WH-001-CH08,WH-001,C,H,8,OCCUPIED,2000,1493.8,2026-09-03T00:00:00Z,
WH-001-CH09,WH-001,C,H,9,EMPTY,1500,0.0,2026-09-24T00:00:00Z,
WH-001-CH10,WH-001,C,H,10,OCCUPIED,1000,512.9,2026-09-08T00:00:00Z,
WH-001-DA01,WH-001,D,A,1,BLOCKED,2000,0.0,2026-09-19T00:00:00Z,Maintenance scheduled
WH-001-DA02,WH-001,D,A,2,BLOCKED,1000,0.0,2026-09-19T00:00:00Z,Maintenance scheduled
WH-001-DA03,WH-001,D,A,3,EMPTY,750,0.0,2026-09-16T00:00:00Z,
WH-001-DA04,WH-001,D,A,4,OCCUPIED,1500,1437.1,2026-09-06T00:00:00Z,
WH-001-DA05,WH-001,D,A,5,BLOCKED,1500,0.0,2026-09-21T00:00:00Z,
WH-001-DA06,WH-001,D,A,6,BLOCKED,1500,0.0,2026-09-12T00:00:00Z,
WH-001-DA07,WH-001,D,A,7,OCCUPIED,500,464.4,2026-09-11T00:00:00Z,
WH-001-DA08,WH-001,D,A,8,OCCUPIED,1500,966.2,2026-10-01T00:00:00Z,
WH-001-DA09,WH-001,D,A,9,OCCUPIED,2000,1036.7,2026-09-03T00:00:00Z,
WH-001-DA10,WH-001,D,A,10,OCCUPIED,1000,558.0,2026-09-25T00:00:00Z,
WH-001-DB01,WH-001,D,B,1,OCCUPIED,2000,1824.9,2026-09-01T00:00:00Z,
WH-001-DB02,WH-001,D,B,2,EMPTY,2000,0.0,2026-09-15T00:00:00Z,
WH-001-DB03,WH-001,D,B,3,OCCUPIED,750,569.4,2026-09-20T00:00:00Z,
WH-001-DB04,WH-001,D,B,4,EMPTY,1500,0.0,2026-09-25T00:00:00Z,
WH-001-DB05,WH-001,D,B,5,OCCUPIED,1000,774.6,2026-09-30T00:00:00Z,
WH-001-DB06,WH-001,D,B,6,OCCUPIED,1500,841.1,2026-09-21T00:00:00Z,
WH-001-DB07,WH-001,D,B,7,EMPTY,750,0.0,2026-09-23T00:00:00Z,
WH-001-DB08,WH-001,D,B,8,OCCUPIED,2000,1013.7,2026-09-14T00:00:00Z,
WH-001-DB09,WH-001,D,B,9,OCCUPIED,500,365.4,2026-09-04T00:00:00Z,
WH-001-DB10,WH-001,D,B,10,EMPTY,750,0.0,2026-09-16T00:00:00Z,
WH-001-DC01,WH-001,D,C,1,BLOCKED,1000,0.0,2026-09-17T00:00:00Z,Fire exit clearance
WH-001-DC02,WH-001,D,C,2,OCCUPIED,1500,1485.2,2026-09-08T00:00:00Z,
WH-001-DC03,WH-001,D,C,3,OCCUPIED,750,518.8,2026-09-30T00:00:00Z,
WH-001-DC04,WH-001,D,C,4,EMPTY,750,0.0,2026-09-28T00:00:00Z,
WH-001-DC05,WH-001,D,C,5,OCCUPIED,1500,1004.9,2026-09-26T00:00:00Z,
WH-001-DC06,WH-001,D,C,6,OCCUPIED,500,320.7,2026-09-10T00:00:00Z,
WH-001-DC07,WH-001,D,C,7,RESERVED,2000,0.0,2026-09-22T00:00:00Z,
WH-001-DC08,WH-001,D,C,8,OCCUPIED,750,542.5,2026-09-16T00:00:00Z,
WH-001-DC09,WH-001,D,C,9,OCCUPIED,2000,1762.9,2026-09-13T00:00:00Z,
WH-001-DC10,WH-001,D,C,10,OCCUPIED,1000,934.8,2026-09-23T00:00:00Z,
WH-001-DD01,WH-001,D,D,1,OCCUPIED,1500,925.2,2026-09-25T00:00:00Z,
WH-001-DD02,WH-001,D,D,2,OCCUPIED,1000,872.4,2026-09-23T00:00:00Z,
WH-001-DD03,WH-001,D,D,3,RESERVED,1500,0.0,2026-09-13T00:00:00Z,
WH-001-DD04,WH-001,D,D,4,BLOCKED,750,0.0,2026-09-16T00:00:00Z,Maintenance scheduled
WH-001-DD05,WH-001,D,D,5,OCCUPIED,2000,1332.0,2026-09-04T00:00:00Z,
WH-001-DD06,WH-001,D,D,6,RESERVED,1500,0.0,2026-09-04T00:00:00Z,
WH-001-DD07,WH-001,D,D,7,EMPTY,1500,0.0,2026-09-01T00:00:00Z,
WH-001-DD08,WH-001,D,D,8,EMPTY,1500,0.0,2026-09-28T00:00:00Z,
WH-001-DD09,WH-001,D,D,9,EMPTY,750,0.0,2026-09-03T00:00:00Z,
WH-001-DD10,WH-001,D,D,10,OCCUPIED,1000,669.3,2026-09-23T00:00:00Z,
WH-001-DE01,WH-001,D,E,1,OCCUPIED,500,462.9,2026-09-28T00:00:00Z,
WH-001-DE02,WH-001,D,E,2,EMPTY,2000,0.0,2026-09-13T00:00:00Z,
WH-001-DE03,WH-001,D,E,3,BLOCKED,1500,0.0,2026-09-28T00:00:00Z,
WH-001-DE04,WH-001,D,E,4,OCCUPIED,500,308.7,2026-09-22T00:00:00Z,
WH-001-DE05,WH-001,D,E,5,BLOCKED,750,0.0,2026-09-24T00:00:00Z,Equipment obstruction
WH-001-DE06,WH-001,D,E,6,OCCUPIED,500,440.1,2026-09-23T00:00:00Z,
WH-001-DE07,WH-001,D,E,7,RESERVED,1500,0.0,2026-09-06T00:00:00Z,
WH-001-DE08,WH-001,D,E,8,EMPTY,500,0.0,2026-09-02T00:00:00Z,
WH-001-DE09,WH-001,D,E,9,OCCUPIED,500,323.3,2026-09-12T00:00:00Z,
WH-001-DE10,WH-001,D,E,10,OCCUPIED,750,574.2,2026-09-19T00:00:00Z,
WH-001-DF01,WH-001,D,F,1,EMPTY,750,0.0,2026-09-06T00:00:00Z,
WH-001-DF02,WH-001,D,F,2,OCCUPIED,2000,1870.8,2026-09-20T00:00:00Z,
WH-001-DF03,WH-001,D,F,3,EMPTY,1500,0.0,2026-09-30T00:00:00Z,
WH-001-DF04,WH-001,D,F,4,EMPTY,750,0.0,2026-09-15T00:00:00Z,
WH-001-DF05,WH-001,D,F,5,EMPTY,1500,0.0,2026-09-09T00:00:00Z,
WH-001-DF06,WH-001,D,F,6,EMPTY,1500,0.0,2026-09-29T00:00:00Z,
WH-001-DF07,WH-001,D,F,7,OCCUPIED,2000,1158.0,2026-09-15T00:00:00Z,
WH-001-DF08,WH-001,D,F,8,BLOCKED,2000,0.0,2026-09-10T00:00:00Z,
WH-001-DF09,WH-001,D,F,9,EMPTY,1500,0.0,2026-09-28T00:00:00Z,
WH-001-DF10,WH-001,D,F,10,OCCUPIED,1500,1390.0,2026-09-04T00:00:00Z,
WH-001-DG01,WH-001,D,G,1,OCCUPIED,2000,1359.0,2026-09-10T00:00:00Z,
WH-001-DG02,WH-001,D,G,2,BLOCKED,1000,0.0,2026-09-01T00:00:00Z,
WH-001-DG03,WH-001,D,G,3,OCCUPIED,2000,1865.1,2026-09-25T00:00:00Z,
WH-001-DG04,WH-001,D,G,4,EMPTY,500,0.0,2026-09-30T00:00:00Z,
WH-001-DG05,WH-001,D,G,5,EMPTY,1500,0.0,2026-09-27T00:00:00Z,
WH-001-DG06,WH-001,D,G,6,RESERVED,1000,0.0,2026-09-25T00:00:00Z,
WH-001-DG07,WH-001,D,G,7,EMPTY,2000,0.0,2026-09-26T00:00:00Z,
WH-001-DG08,WH-001,D,G,8,OCCUPIED,750,607.8,2026-09-22T00:00:00Z,
WH-001-DG09,WH-001,D,G,9,EMPTY,750,0.0,2026-09-21T00:00:00Z,
WH-001-DG10,WH-001,D,G,10,OCCUPIED,500,327.2,2026-09-15T00:00:00Z,
WH-001-DH01,WH-001,D,H,1,OCCUPIED,1000,866.2,2026-09-03T00:00:00Z,
WH-001-DH02,WH-001,D,H,2,RESERVED,1000,0.0,2026-09-24T00:00:00Z,
WH-001-DH03,WH-001,D,H,3,OCCUPIED,750,424.6,2026-09-18T00:00:00Z,
WH-001-DH04,WH-001,D,H,4,RESERVED,1000,0.0,2026-09-17T00:00:00Z,
WH-001-DH05,WH-001,D,H,5,OCCUPIED,1000,915.2,2026-09-09T00:00:00Z,
WH-001-DH06,WH-001,D,H,6,RESERVED,1500,0.0,2026-10-01T00:00:00Z,
WH-001-DH07,WH-001,D,H,7,RESERVED,1000,0.0,2026-09-26T00:00:00Z,
WH-001-DH08,WH-001,D,H,8,OCCUPIED,500,285.2,2026-10-01T00:00:00Z,
WH-001-DH09,WH-001,D,H,9,OCCUPIED,1500,1475.5,2026-09-26T00:00:00Z,
WH-001-DH10,WH-001,D,H,10,EMPTY,500,0.0,2026-09-26T00:00:00Z,
WH-001-EA01,WH-001,E,A,1,OCCUPIED,1000,768.3,2026-09-15T00:00:00Z,
WH-001-EA02,WH-001,E,A,2,OCCUPIED,1000,792.3,2026-09-27T00:00:00Z,
WH-001-EA03,WH-001,E,A,3,EMPTY,1000,0.0,2026-09-04T00:00:00Z,
WH-001-EA04,WH-001,E,A,4,EMPTY,1500,0.0,2026-09-01T00:00:00Z,
WH-001-EA05,WH-001,E,A,5,EMPTY,2000,0.0,2026-09-11T00:00:00Z,
WH-001-EA06,WH-001,E,A,6,RESERVED,750,0.0,2026-09-21T00:00:00Z,
WH-001-EA07,WH-001,E,A,7,OCCUPIED,1500,1432.0,2026-09-10T00:00:00Z,
WH-001-EA08,WH-001,E,A,8,EMPTY,500,0.0,2026-09-05T00:00:00Z,
WH-001-EA09,WH-001,E,A,9,OCCUPIED,500,326.1,2026-09-16T00:00:00Z,
WH-001-EA10,WH-001,E,A,10,OCCUPIED,750,707.7,2026-09-05T00:00:00Z,
WH-001-EB01,WH-001,E,B,1,OCCUPIED,1000,835.2,2026-09-24T00:00:00Z,
WH-001-EB02,WH-001,E,B,2,EMPTY,2000,0.0,2026-09-14T00:00:00Z,
WH-001-EB03,WH-001,E,B,3,EMPTY,750,0.0,2026-09-29T00:00:00Z,
WH-001-EB04,WH-001,E,B,4,OCCUPIED,500,458.4,2026-09-20T00:00:00Z,
WH-001-EB05,WH-001,E,B,5,OCCUPIED,1000,516.4,2026-09-12T00:00:00Z,
WH-001-EB06,WH-001,E,B,6,OCCUPIED,1500,1462.9,2026-09-28T00:00:00Z,
WH-001-EB07,WH-001,E,B,7,OCCUPIED,1000,772.2,2026-09-21T00:00:00Z,
WH-001-EB08,WH-001,E,B,8,OCCUPIED,1500,956.9,2026-10-01T00:00:00Z,
WH-001-EB09,WH-001,E,B,9,OCCUPIED,1500,818.8,2026-09-07T00:00:00Z,
WH-001-EB10,WH-001,E,B,10,EMPTY,2000,0.0,2026-09-01T00:00:00Z,
WH-001-EC01,WH-001,E,C,1,OCCUPIED,1000,621.8,2026-09-05T00:00:00Z,
WH-001-EC02,WH-001,E,C,2,EMPTY,750,0.0,2026-09-03T00:00:00Z,
WH-001-EC03,WH-001,E,C,3,RESERVED,2000,0.0,2026-09-07T00:00:00Z,
WH-001-EC04,WH-001,E,C,4,EMPTY,750,0.0,2026-09-11T00:00:00Z,
WH-001-EC05,WH-001,E,C,5,EMPTY,2000,0.0,2026-09-01T00:00:00Z,
WH-001-EC06,WH-001,E,C,6,OCCUPIED,750,745.3,2026-09-18T00:00:00Z,
WH-001-EC07,WH-001,E,C,7,OCCUPIED,750,416.2,2026-09-28T00:00:00Z,
WH-001-EC08,WH-001,E,C,8,OCCUPIED,500,339.6,2026-09-26T00:00:00Z,
WH-001-EC09,WH-001,E,C,9,OCCUPIED,1000,507.9,2026-09-09T00:00:00Z,
WH-001-EC10,WH-001,E,C,10,OCCUPIED,1500,1144.6,2026-09-24T00:00:00Z,
WH-001-ED01,WH-001,E,D,1,OCCUPIED,1500,1333.5,2026-09-17T00:00:00Z,
WH-001-ED02,WH-001,E,D,2,EMPTY,1500,0.0,2026-09-17T00:00:00Z,
WH-001-ED03,WH-001,E,D,3,OCCUPIED,2000,1043.4,2026-09-26T00:00:00Z,
WH-001-ED04,WH-001,E,D,4,RESERVED,2000,0.0,2026-09-10T00:00:00Z,
WH-001-ED05,WH-001,E,D,5,OCCUPIED,500,265.2,2026-09-16T00:00:00Z,
WH-001-ED06,WH-001,E,D,6,RESERVED,1500,0.0,2026-09-22T00:00:00Z,
WH-001-ED07,WH-001,E,D,7,OCCUPIED,1500,805.1,2026-09-03T00:00:00Z,
WH-001-ED08,WH-001,E,D,8,OCCUPIED,750,399.6,2026-09-09T00:00:00Z,
WH-001-ED09,WH-001,E,D,9,EMPTY,2000,0.0,2026-09-18T00:00:00Z,
WH-001-ED10,WH-001,E,D,10,EMPTY,1500,0.0,2026-09-20T00:00:00Z,
WH-001-EE01,WH-001,E,E,1,EMPTY,1500,0.0,2026-09-17T00:00:00Z,
WH-001-EE02,WH-001,E,E,2,EMPTY,500,0.0,2026-09-26T00:00:00Z,
WH-001-EE03,WH-001,E,E,3,EMPTY,2000,0.0,2026-09-24T00:00:00Z,
WH-001-EE04,WH-001,E,E,4,RESERVED,1500,0.0,2026-09-15T00:00:00Z,
WH-001-EE05,WH-001,E,E,5,RESERVED,1500,0.0,2026-09-11T00:00:00Z,
WH-001-EE06,WH-001,E,E,6,RESERVED,1500,0.0,2026-09-14T00:00:00Z,
WH-001-EE07,WH-001,E,E,7,EMPTY,1000,0.0,2026-09-14T00:00:00Z,
WH-001-EE08,WH-001,E,E,8,OCCUPIED,1000,687.2,2026-09-05T00:00:00Z,
WH-001-EE09,WH-001,E,E,9,EMPTY,1500,0.0,2026-09-03T00:00:00Z,
WH-001-EE10,WH-001,E,E,10,OCCUPIED,500,273.3,2026-09-04T00:00:00Z,
WH-001-EF01,WH-001,E,F,1,EMPTY,1000,0.0,2026-09-26T00:00:00Z,
WH-001-EF02,WH-001,E,F,2,OCCUPIED,500,396.6,2026-09-18T00:00:00Z,
WH-001-EF03,WH-001,E,F,3,EMPTY,500,0.0,2026-09-14T00:00:00Z,
WH-001-EF04,WH-001,E,F,4,OCCUPIED,1500,1401.1,2026-09-24T00:00:00Z,
WH-001-EF05,WH-001,E,F,5,OCCUPIED,1000,800.2,2026-09-12T00:00:00Z,
WH-001-EF06,WH-001,E,F,6,OCCUPIED,2000,1212.7,2026-09-22T00:00:00Z,
WH-001-EF07,WH-001,E,F,7,OCCUPIED,500,337.5,2026-09-18T00:00:00Z,
WH-001-EF08,WH-001,E,F,8,OCCUPIED,1000,787.1,2026-09-26T00:00:00Z,
WH-001-EF09,WH-001,E,F,9,OCCUPIED,2000,1974.5,2026-09-27T00:00:00Z,
WH-001-EF10,WH-001,E,F,10,EMPTY,2000,0.0,2026-09-01T00:00:00Z,
WH-001-EG01,WH-001,E,G,1,EMPTY,1000,0.0,2026-09-01T00:00:00Z,
WH-001-EG02,WH-001,E,G,2,OCCUPIED,1000,960.8,2026-09-12T00:00:00Z,
WH-001-EG03,WH-001,E,G,3,OCCUPIED,750,587.4,2026-09-13T00:00:00Z,
WH-001-EG04,WH-001,E,G,4,OCCUPIED,500,272.9,2026-09-17T00:00:00Z,
WH-001-EG05,WH-001,E,G,5,OCCUPIED,1500,1090.2,2026-09-06T00:00:00Z,
WH-001-EG06,WH-001,E,G,6,OCCUPIED,1000,888.4,2026-09-19T00:00:00Z,
WH-001-EG07,WH-001,E,G,7,EMPTY,500,0.0,2026-09-05T00:00:00Z,
WH-001-EG08,WH-001,E,G,8,OCCUPIED,2000,1049.8,2026-09-03T00:00:00Z,
WH-001-EG09,WH-001,E,G,9,OCCUPIED,1500,1114.2,2026-09-15T00:00:00Z,
WH-001-EG10,WH-001,E,G,10,OCCUPIED,750,658.1,2026-09-04T00:00:00Z,
WH-001-EH01,WH-001,E,H,1,OCCUPIED,500,320.8,2026-09-22T00:00:00Z,
WH-001-EH02,WH-001,E,H,2,EMPTY,2000,0.0,2026-09-22T00:00:00Z,
WH-001-EH03,WH-001,E,H,3,OCCUPIED,750,523.2,2026-09-20T00:00:00Z,
WH-001-EH04,WH-001,E,H,4,OCCUPIED,750,488.0,2026-09-07T00:00:00Z,
WH-001-EH05,WH-001,E,H,5,EMPTY,1000,0.0,2026-09-10T00:00:00Z,
WH-001-EH06,WH-001,E,H,6,OCCUPIED,500,374.3,2026-09-14T00:00:00Z,
WH-001-EH07,WH-001,E,H,7,OCCUPIED,1500,1149.4,2026-09-08T00:00:00Z,
WH-001-EH08,WH-001,E,H,8,OCCUPIED,1000,536.0,2026-09-28T00:00:00Z,
WH-001-EH09,WH-001,E,H,9,EMPTY,1500,0.0,2026-09-01T00:00:00Z,
WH-001-EH10,WH-001,E,H,10,OCCUPIED,500,465.5,2026-09-19T00:00:00Z,
